number,name,mainPicture,location,cuisine,phoneNumber,delivery,website,cover,post
1,French Village Bakery,https://scontent-lht6-1.xx.fbcdn.net/v/t1.0-9/87054859_10156687341717116_1496211368628453376_n.jpg?_nc_cat=111&_nc_sid=85a577&_nc_ohc=M6OJ35kzHyoAX9OUSX3&_nc_ht=scontent-lht6-1.xx&oh=061c564909159371351046f7762d3d66&oe=5E9C1B05,Belfast,Bread,02890 297999,Delivery âœ…,https://www.frenchvillagebakery.co.uk,https://scontent.flhr4-2.fna.fbcdn.net/v/t1.0-9/90589860_10156782819967116_5192343228656910336_o.jpg?_nc_cat=110&_nc_sid=2d5d41&_nc_ohc=TxDibj73oPcAX8Mg702&_nc_ht=scontent.flhr4-2.fna&oh=2a3d0db9baaad118c58bce1abddf5d3c&oe=5E9C388C,
3,Mash Direct,https://dl.airtable.com/.attachments/886398fb839213d6662efa578950976d/29443c70/mash-direct-logo.jpg,Northern Ireland,Potatos,02891 878316,Delivery âœ…,http://www.mashdirect.com/shop/,https://scontent.flhr4-1.fna.fbcdn.net/v/t31.0-8/17434504_10154295868296791_9174590461782785159_o.jpg?_nc_cat=107&_nc_sid=2d5d41&_nc_ohc=wwi8pccyTAMAX81x7_d&_nc_ht=scontent.flhr4-1.fna&oh=65be8466ce6552200a5bfb685845e30f&oe=5E9FCC54,
4,Krazi Baker,https://dl.airtable.com/.attachments/cab14223c36ef25b5aab07cba22d2529/e923822f/krazibaker_logo-01-1.png,Northern Ireland,Bread,"07753181065
",Collection Only ðŸ“®,http://krazibaker.co.uk,https://scontent.flhr4-2.fna.fbcdn.net/v/t1.0-9/85150234_2718716951552374_2968703896328863744_n.jpg?_nc_cat=110&_nc_sid=9e2e56&_nc_ohc=_mrBIzAaXqAAX_MLU_r&_nc_ht=scontent.flhr4-2.fna&oh=585b3dcfc5b8658b02d415687937e9cd&oe=5E9EDEB9,https://scontent.flhr4-2.fna.fbcdn.net/v/t1.0-9/s960x960/90703051_2798260283598040_2265628319888179200_o.jpg?_nc_cat=111&_nc_sid=8024bb&_nc_ohc=bezJe8OQVWoAX-q2lZU&_nc_ht=scontent.flhr4-2.fna&_nc_tp=7&oh=e77bc6f57f2ba0a8e018c39d7d4cb710&oe=5E9E8B3E
5,The Vault Pizza,https://dl.airtable.com/.attachments/03e939aad1fade3f1a85261df5af5374/7656a6dc/vault-logo-square.png,Banbridge,"Pizza, Sides",028 4062 0662,Delivery âœ…,https://thevaultpizza.com,https://scontent.flhr4-2.fna.fbcdn.net/v/t1.0-9/90658252_2498270293612556_3710536218266566656_n.jpg?_nc_cat=103&_nc_sid=110474&_nc_ohc=nC1KkguqJfwAX-A9VBy&_nc_ht=scontent.flhr4-2.fna&oh=7d5b06bc2f5a20481b640606ff80855b&oe=5EA02AD0,
8,Established,https://cdn.shopify.com/s/files/1/0028/5399/4611/t/1/assets/established-coffee-logo.svg?v=8588226443722991047,Belfast,Coffee,028 9031 9416,Delivery âœ…,https://established.coffee/,https://pbs.twimg.com/media/ETubZJ7WkAAyBwM?format=jpg&name=large,
9,Amarc Catering,https://scontent.flhr4-1.fna.fbcdn.net/v/t1.0-9/s960x960/90625023_3378968855465670_676837436545826816_o.jpg?_nc_cat=107&_nc_sid=8024bb&_nc_ohc=07aIOLv_insAX974rng&_nc_ht=scontent.flhr4-1.fna&_nc_tp=7&oh=8f85a49900a85a43d600c6149e5b3f03&oe=5E9B6ECB,Belfast,tbc,07843815121,Collection Only ðŸ“®,https://en-gb.facebook.com/AmarcCatering,https://scontent.flhr4-1.fna.fbcdn.net/v/t31.0-8/p720x720/17389249_1607326265963280_2886530913750397073_o.jpg?_nc_cat=106&_nc_sid=2d5d41&_nc_ohc=_-7pqBwB3XoAX8jP8I-&_nc_ht=scontent.flhr4-1.fna&_nc_tp=6&oh=371954be7da97e01ba87732b085bec89&oe=5E9E0A0F,
10,Wine and Brine,https://scontent-lhr8-1.xx.fbcdn.net/v/t1.0-9/11831755_707728376030391_7824553068992758671_n.jpg?_nc_cat=102&_nc_sid=85a577&_nc_ohc=Z9Zibkb3oZgAX_HhI61&_nc_ht=scontent-lhr8-1.xx&oh=0d15ad9079088dbd1fe55b09ee8acce0&oe=5E9C839E,Moira,Fine Dining,02892610500,Delivery âœ…,https://www.facebook.com/wineandbrine/,https://scontent.flhr4-2.fna.fbcdn.net/v/t31.0-8/12309829_754711714665390_8042428340738649857_o.jpg?_nc_cat=103&_nc_sid=dd9801&_nc_ohc=j7ZyRx3HT5cAX8IDsdG&_nc_ht=scontent.flhr4-2.fna&oh=fd3315986a0230a7f29bfe7e9153ab8d&oe=5E9E77D9,
11,Belfast Coffee Roasters,https://scontent-lhr8-1.xx.fbcdn.net/v/t1.0-9/56997631_343655699599522_2081544630012215296_n.jpg?_nc_cat=111&_nc_sid=0be424&_nc_ohc=03AGvFDssmMAX9OUsh0&_nc_ht=scontent-lhr8-1.xx&oh=a477682e67d40ead110f16700bb13cd9&oe=5E9B61AC,Northern Ireland,Coffee ,n/a,Delivery âœ…,https://www.belfastcoffeeroasters.com/shop,https://scontent.flhr4-2.fna.fbcdn.net/v/t1.0-9/68483899_2603860069653837_2458581692756000768_n.jpg?_nc_cat=102&_nc_sid=7aed08&_nc_ohc=KOMw-yEDu8sAX_i5D3b&_nc_ht=scontent.flhr4-2.fna&oh=e44516ee38a23fc2e552dc88a2efbb5e&oe=5E9C5794,
12,Tutta La Pizza,https://yeooo.delivery/images/service/tutta-la-pizza.jpg,Moira,Pizza,028 9210 6350,Delivery âœ…,https://www.tuttalapizza.co.uk/#2,https://scontent.flhr4-2.fna.fbcdn.net/v/t1.0-0/p640x640/34416303_248753102338469_6229181757346807808_o.jpg?_nc_cat=110&_nc_sid=dd9801&_nc_ohc=p5Sp70pX1WsAX-SkkRc&_nc_ht=scontent.flhr4-2.fna&_nc_tp=6&oh=9628e83b8a04a290681dc11d6d4e0938&oe=5E9F9E4E,
13,Cherry Orchard,https://yeooo.delivery/images/service/cherry-orchard.jpg,Belfast,Hot Food,02890 791258,Delivery âœ…,https://cateringbelfast.com/coffee-shop-menu,https://scontent.flhr4-1.fna.fbcdn.net/v/t1.0-9/14494757_1237009173006941_3576225892322850498_n.jpg?_nc_cat=104&_nc_sid=2d5d41&_nc_ohc=dGyuJbSqs-sAX-QqtSm&_nc_ht=scontent.flhr4-1.fna&oh=3209b2fa57f5bbd9635bfba2a83ab7c1&oe=5EA004C7,
14,Loaf Catering,https://scontent.flhr4-1.fna.fbcdn.net/v/t1.0-9/37565548_2071066389604578_7509810300569255936_n.png?_nc_cat=105&_nc_sid=85a577&_nc_ohc=vTiu3bXirrsAX_Uyo6Y&_nc_ht=scontent.flhr4-1.fna&oh=d4b8b57294439e784a9c497771bfffad&oe=5E9BF9FE,Crawfordsburn,Pizza,02890313123,Delivery âœ…,"https://m.facebook.com/story.php?story_fbid=1813246135718586&id=1245549989154873
",https://scontent.flhr4-2.fna.fbcdn.net/v/t1.0-9/90439650_1813242882385578_6737360934894829568_n.jpg?_nc_cat=111&_nc_sid=110474&_nc_ohc=qCaLm8WPOEkAX8Vzct-&_nc_ht=scontent.flhr4-2.fna&oh=d25ef10711513be9e2e5cbdc9375b75c&oe=5E9FC171,
15,Jumon Belfast,https://yeooo.delivery/images/service/jumon.png,Belfast,Bao,028 9023 1394,Delivery âœ…,"https://www.instagram.com/jumonbelfast/
",https://scontent.flhr4-2.fna.fbcdn.net/v/t1.0-9/s960x960/69097652_497477747485608_1831293378348711936_o.jpg?_nc_cat=102&_nc_sid=2d5d41&_nc_ohc=Zc7KcbyYzuoAX_Gc2OC&_nc_ht=scontent.flhr4-2.fna&_nc_tp=7&oh=76cc808dbcb47e3e5d6014fe67c0fef0&oe=5E9F1E27,
16,Camphill Hollywood,https://yeooo.delivery/images/service/camphill-hollywood.png,Hollywood,Vegan/Veggie,028 9042 3203,Delivery âœ…,https://www.instagram.com/p/B93_QCqBMMF/?igshid=1lbp260cczm7z,https://scontent.flhr4-1.fna.fbcdn.net/v/t1.0-9/90655615_3166232400054706_903397330777014272_o.jpg?_nc_cat=107&_nc_sid=110474&_nc_ohc=VkH6spGRu-oAX_d2yja&_nc_ht=scontent.flhr4-1.fna&oh=c5a1b9904f24f269b34b14e69aa5a59c&oe=5E9CFE54,
17,Tony and Gens,https://scontent.flhr4-2.fna.fbcdn.net/v/t1.0-9/67355039_2160029837441153_1215015551907135488_n.jpg?_nc_cat=102&_nc_sid=85a577&_nc_ohc=9Ycf5piKyqsAX9-7iTB&_nc_ht=scontent.flhr4-2.fna&oh=b5e25f4124a53044eb7976ba8f400b5d&oe=5E9B80BC,Belfast,Vegan/Veggie,n/a,Delivery âœ…,https://tonyandjens.com/,https://scontent.flhr4-1.fna.fbcdn.net/v/t1.0-9/p960x960/90527787_2622740171170115_4899078403509977088_o.jpg?_nc_cat=106&_nc_sid=9e2e56&_nc_ohc=j_g4J-NSGSwAX8JfGJh&_nc_ht=scontent.flhr4-1.fna&_nc_tp=6&oh=e0c5d92e59a1fcec34fbf5a262dcee65&oe=5E9EC73A,
18,Goodness Rocks,https://yeooo.delivery/images/service/goodness-rocks.png,Belfast,Hot Food,028 9050 6446,Delivery âœ…,https://instagram.com/goodnessrocks,https://scontent.flhr4-2.fna.fbcdn.net/v/t1.0-9/p960x960/90391666_2800346496715848_8059946017199489024_o.jpg?_nc_cat=110&_nc_sid=9e2e56&_nc_ohc=eKegWPQbUNEAX81L4i7&_nc_ht=scontent.flhr4-2.fna&_nc_tp=6&oh=3814bc56229e635cdb804beaaa12b683&oe=5E9E9288,
19,The Vineyard Belfast,https://cdn.shopify.com/s/files/1/2525/1426/files/header_logo_180x.png?v=1510483470,Belfast,beer,028 9064 5774,Delivery âœ…,https://deliveroo.co.uk/menu/belfast/belfast-south/the-vineyard?utm_campaign=organic&utm_medium=referrer&utm_source=menu_share,https://scontent.flhr4-1.fna.fbcdn.net/v/t1.0-9/p960x960/89785674_1277172689142174_3233267529505832960_o.jpg?_nc_cat=108&_nc_sid=9e2e56&_nc_ohc=tbuRaDj0AhAAX_XWJjp&_nc_ht=scontent.flhr4-1.fna&_nc_tp=6&oh=4137f546d3eb7f8a93076325860a0001&oe=5E9D907A,
20,The Violet Rose Home Bakery,https://yeooo.delivery/images/service/the-violet-rose-bakery.png,Belfast,Vegan Bakery,07717 732131,Collection Only ðŸ“®,https://facebook.com/TheVioletRoseHomeBakery/,https://scontent.flhr4-1.fna.fbcdn.net/v/t1.0-9/88257666_120136359571950_7062073570712616960_o.jpg?_nc_cat=105&_nc_sid=dd9801&_nc_ohc=NO8OieQkE7sAX_p5FNw&_nc_ht=scontent.flhr4-1.fna&oh=822cf7b4c3d66ee6107ff66ab2df541c&oe=5E9F36DD,
21,The Yogurt Tree,https://yeooo.delivery/images/service/the-yogurt-tree.png,Bangor,Tasty Treats,028 9185 9408,Delivery âœ…,https://www.theyogurttree.co.uk/,https://scontent.flhr4-1.fna.fbcdn.net/v/t1.0-9/19642418_1895053757379263_4474193635522903962_n.jpg?_nc_cat=105&_nc_sid=dd9801&_nc_ohc=IPRUdgu0pAIAX8PgIFy&_nc_ht=scontent.flhr4-1.fna&oh=0d9c353616c2cff6dcca0a201778f8ac&oe=5E9F7D26,
22,Amici Ristorante,https://yeooo.delivery/images/service/amici-portstewart.png,Portstewart,Italian Dinner,028 7083 4444,Delivery âœ…,https://amiciportstewart.squarespace.com/book-a-table-now,https://scontent.flhr4-2.fna.fbcdn.net/v/t1.0-9/52146385_1133301813543035_7222879186384322560_o.jpg?_nc_cat=102&_nc_sid=dd9801&_nc_ohc=-2Z7be-P_UcAX_vLQh0&_nc_ht=scontent.flhr4-2.fna&oh=68ca89bcbab5db09da7f7a72ae4afa97&oe=5E9C9F73,
23,Ryans Bar,https://yeooo.delivery/images/service/ryans-belfast.png,Belfast,Pub Grub,028 9050 9850,Collection Only ðŸ“®,https://www.facebook.com/ryansbelfast/,https://scontent.flhr4-1.fna.fbcdn.net/v/t1.0-9/90538086_10157896393916971_5100454026856628224_n.jpg?_nc_cat=101&_nc_sid=110474&_nc_ohc=Br88YSoDiU4AX98U8uj&_nc_ht=scontent.flhr4-1.fna&oh=cb1917e58d7f3fbafc7824aefb2a1dc9&oe=5E9C66AB,
24,Freight Belfast,https://images.squarespace-cdn.com/content/5ca5132eb2cf7945b6f83eeb/1554322289212-5EMMJU1H73H4S1ZCG0SP/Freight+Logo.jpg?content-type=image%2Fjpeg,Belfast,Hot Food,028 9046 3828  ,Collection Only ðŸ“®,https://www.freightbelfast.com/,https://scontent.flhr4-2.fna.fbcdn.net/v/t1.0-9/s960x960/88079325_3508145075922872_2448577653066694656_o.jpg?_nc_cat=103&_nc_sid=2d5d41&_nc_ohc=HrsEIvnctQkAX8Z3JgL&_nc_ht=scontent.flhr4-2.fna&_nc_tp=7&oh=6453276b8e554548f5bebb1a1ac6c20c&oe=5E9DDA34,