X,Y,name,location,cuisine,website,mainPicture,delivery
-5.938383598,54.36202361,The Village Kitchen,Ards,Groceries,https://www.facebook.com/thevillagekitchenni/,https://scontent.flhr4-2.fna.fbcdn.net/v/t1.0-9/21617576_1517623341655347_3959021310426761558_n.jpg?_nc_cat=102&_nc_sid=85a577&_nc_ohc=q8BtPemMKgMAX-wu-Pt&_nc_ht=scontent.flhr4-2.fna&oh=c6b3562bd6b6d2a6f5dff9fe5a9ec8d7&oe=5EA34858,Delivery ✅
-6.65179,54.34905,Emerson's Supermarket Armagh,Armagh,Groceries,https://www.facebook.com/emersonsarmagh/,https://scontent.flhr4-1.fna.fbcdn.net/v/t31.0-8/21015787_1960684937502240_5428135239831180070_o.jpg?_nc_cat=106&_nc_sid=7aed08&_nc_ohc=2onXdn-qLYMAX-Kp509&_nc_ht=scontent.flhr4-1.fna&oh=f9a90a0285a55590000078a4248957c6&oe=5EA13CDA,Delivery ✅
-6.65179,54.34905,McAnerneys supermarket,Armagh,Groceries,https://www.facebook.com/McAnerneys/,https://scontent.flhr4-2.fna.fbcdn.net/v/t31.0-8/19401870_1407237752662759_8778026337188671532_o.jpg?_nc_cat=100&_nc_sid=85a577&_nc_ohc=mRrOXUbTBJIAX_NUXSy&_nc_ht=scontent.flhr4-2.fna&oh=768d0ab273d83de7cd68c3f6bd06e141&oe=5EA1FAF7,Delivery ✅
-6.00003,54.75174,Ballylagan Organic Farm,Ballyclare,Farm Shop,https://www.facebook.com/BallylaganOrganicFarm/,https://scontent.flhr4-1.fna.fbcdn.net/v/t1.0-9/10432999_815263215213702_72205696979947992_n.jpg?_nc_cat=106&_nc_sid=85a577&_nc_ohc=hW4PWWv64oUAX-mWgK8&_nc_ht=scontent.flhr4-1.fna&oh=085c972e90d8a497a5e724acdcc8d133&oe=5EA01A2C,Delivery ✅
-5.79348,54.50133,Costcutter Ballygowan,Ballygowan,Groceries,https://www.facebook.com/CostcutterBallygowanNI/,https://scontent.flhr4-2.fna.fbcdn.net/v/t1.0-9/42604152_2674361502581380_3149008465955913728_n.jpg?_nc_cat=110&_nc_sid=85a577&_nc_ohc=izgEU1nHjBIAX_yXEzb&_nc_ht=scontent.flhr4-2.fna&oh=118720ea6d74a4afba2bbea6fab53c47&oe=5EA064DE,Delivery ✅
-6.230718181,54.73367275,Spar Frys Road,Ballymena,Groceries,https://www.facebook.com/Spar-Frys-Road-103914333149115/,https://scontent.flhr4-1.fna.fbcdn.net/v/t1.0-9/90679419_1259557240918146_5014102352160882688_n.jpg?_nc_cat=108&_nc_sid=85a577&_nc_ohc=Ip7rZOaMUCcAX-JyPtQ&_nc_ht=scontent.flhr4-1.fna&oh=421126e3cd32cfe120736eadf3e66ce3&oe=5EA1FE95,Delivery ✅
-5.89743,54.40124,Carlisles fresh foods,Ballynahinch,Groceries,https://www.facebook.com/CarlislesFreshFoodsBallynahinch/,https://scontent.flhr4-2.fna.fbcdn.net/v/t1.0-9/69537694_2956034567803359_9121872841434726400_o.jpg?_nc_cat=109&_nc_sid=85a577&_nc_ohc=Mq9XEX28pn0AX-N-5q2&_nc_ht=scontent.flhr4-2.fna&oh=59c270cf66ae56d44370b685f6f7acb4&oe=5EA30AC5,Delivery ✅
-5.89743,54.40124,Morrison's ViVOXTRA,Ballynahinch,Groceries,https://www.facebook.com/MorrisonsVivoxtra/,https://scontent.flhr4-2.fna.fbcdn.net/v/t1.0-9/14980594_1013400955448459_378267665522531834_n.jpg?_nc_cat=100&_nc_sid=85a577&_nc_ohc=t4QFYjAcvt4AX8Wv8il&_nc_ht=scontent.flhr4-2.fna&oh=1e9e6226d897538e153491f6c7e4b32b&oe=5EA266F0,Delivery ✅
-6.27214,54.3459,The New Orchard,Banbridge,Fruit and Veg,https://www.facebook.com/theneworchard/,https://scontent.flhr4-1.fna.fbcdn.net/v/t1.0-9/12472782_979025608844296_8996212472770123106_n.jpg?_nc_cat=101&_nc_sid=85a577&_nc_ohc=i4FM3Kja5X4AX8mqgnT&_nc_ht=scontent.flhr4-1.fna&oh=5c1d85229d8b82f7dc23258a0038aec7&oe=5E9FF93D,Delivery ✅
-6.27214,54.3459,Quails Fine Foods,Banbridge,Groceries,https://www.facebook.com/quailsfinefoods/,https://scontent.flhr4-1.fna.fbcdn.net/v/t1.0-9/12651235_1055211164499917_4676618705924072205_n.jpg?_nc_cat=106&_nc_sid=85a577&_nc_ohc=CQuuLcmgT3EAX8F5cS7&_nc_ht=scontent.flhr4-1.fna&oh=142840f61866659d1041033332cc1835&oe=5EA0754D,Delivery ✅
-5.66842,54.663,Kylestone Nurseries,Bangor,Fruit and Veg,https://www.facebook.com/kylestonenurseries/,https://scontent.flhr4-1.fna.fbcdn.net/v/t1.0-9/90054222_681234805960964_3416432813639991296_n.jpg?_nc_cat=104&_nc_sid=85a577&_nc_ohc=JKYEqzNp69wAX_VNWKU&_nc_ht=scontent.flhr4-1.fna&oh=aacf820df4f5e664d73fd0ae3819bd90&oe=5EA1278B,Delivery ✅
-5.66842,54.663,Ramsay's Fine Food,Bangor,Pre Made Meals,https://www.facebook.com/ramsaysfinefoods/,https://scontent.flhr4-1.fna.fbcdn.net/v/t1.0-9/11951341_1135921989770036_1397068214873833185_n.jpg?_nc_cat=101&_nc_sid=85a577&_nc_ohc=93Rq0dxFJyUAX86c_1S&_nc_ht=scontent.flhr4-1.fna&oh=8657f39f02c11973d2218ad135f8aa29&oe=5EA214BC,Delivery ✅
-5.66842,54.663,The Pit Stop Bangor,Bangor,Pre Made Meals,https://www.facebook.com/The-Pit-Stop-Bangor-2342506262686075/,https://scontent.flhr4-1.fna.fbcdn.net/v/t1.0-9/75486008_2440696476200386_2866820017867980800_n.jpg?_nc_cat=111&_nc_sid=85a577&_nc_ohc=iB3tx_LEfPoAX-omdYY&_nc_ht=scontent.flhr4-1.fna&oh=4573d97663fde98e7c12014669fb0359&oe=5EA1DEC9,Delivery ✅
-5.66842,54.663,Windmill Dairies,Bangor,Milk Men,https://www.facebook.com/MarkMurphyMilk/,https://scontent.flhr4-2.fna.fbcdn.net/v/t31.0-8/14241446_1241429762595105_6821890931048586356_o.jpg?_nc_cat=103&_nc_sid=85a577&_nc_ohc=c0zDHEQtoa0AX-op4SO&_nc_ht=scontent.flhr4-2.fna&oh=fb1fbf037c17f322a260b46598e4487a&oe=5EA070D7,Delivery ✅
-5.66842,54.663,True Food Café,Bangor,Bakery,https://www.facebook.com/pages/True-Food-Cafe/170906516276991?__tn__=%2CdkC-R-R&eid=ARBoTYyNu8775Hn3ALEHvwp3AQfZB1fxucrbf514Q0o8W4q_oHvCM91MjgLXbuhfW5SPiGpOsUNhW6hc&hc_ref=ART-j40sgVfa26dpyGqjRdK_rfOq9RS5xs-uv0uFDKo7qqeR6dGMedK7PFFpS5cCMhg&fref=tag,https://scontent.flhr4-2.fna.fbcdn.net/v/t1.0-9/s960x960/91001870_10163665498265157_7933101670009929728_o.jpg?_nc_cat=100&_nc_sid=ca434c&_nc_ohc=7z_pLUIvMowAX-yLunf&_nc_ht=scontent.flhr4-2.fna&_nc_tp=7&oh=a51cae8d4217dc3a990976769441fba1&oe=5EA167B3,Delivery ✅
-5.93455,54.59534,Castel Farm Fresh Produce,Belfast,Farm Shop,https://www.facebook.com/Castle-Farm-Fresh-Produce-242196215812519/,https://scontent.flhr4-2.fna.fbcdn.net/v/t1.0-9/285536_242196702479137_1486721_n.jpg?_nc_cat=109&_nc_sid=85a577&_nc_ohc=G5gYV-RiIOkAX8BeYg8&_nc_ht=scontent.flhr4-2.fna&oh=513aa5e24dfc84bfccd31dbdbb760c0b&oe=5EA3421B,Delivery ✅
-5.93455,54.59534,Catering by Anna Hasiuk,Belfast,Pre Made Meals,https://www.facebook.com/cateringannahasiuk/,https://scontent.flhr4-1.fna.fbcdn.net/v/t1.0-9/67093413_2138988669562627_1113146997889564672_n.jpg?_nc_cat=106&_nc_sid=85a577&_nc_ohc=G8LxdvcgwYYAX_T88LV&_nc_ht=scontent.flhr4-1.fna&oh=441653ede94ac9a9d5fe2bf65524b789&oe=5EA187D6,Delivery ✅
-5.93455,54.59534,Cherry Orchard Cafe,Belfast,Bakery,https://www.facebook.com/cherryorchardcoffeeshop/,https://yeooo.delivery/images/service/cherry-orchard.jpg,Delivery ✅
-5.93455,54.59534,Ewings Seafoods,Belfast,Fish,https://www.facebook.com/ewingseafoods/,https://scontent.flhr4-1.fna.fbcdn.net/v/t1.0-9/9536_354355231331856_419155404_n.jpg?_nc_cat=101&_nc_sid=85a577&_nc_ohc=xJPdfYJm5l8AX91yC4Z&_nc_ht=scontent.flhr4-1.fna&oh=92fd4cd4c16c23de1e357011e3480c66&oe=5EA32307,Delivery ✅
-5.93455,54.59534,Framewerk,Belfast,Pre Made Meals,https://www.facebook.com/framewerkbelfast/,https://scontent.flhr4-1.fna.fbcdn.net/v/t1.0-9/90916047_2731493963745947_6510094222190706688_o.jpg?_nc_cat=101&_nc_sid=8024bb&_nc_ohc=svSOcAtqZRcAX_lYQ-b&_nc_ht=scontent.flhr4-1.fna&oh=eac3b8175898e7003864b0a6190a0585&oe=5EA34A1D,Delivery ✅
-5.93455,54.59534,French Village,Belfast,Bakery,https://www.facebook.com/frenchvillagebakery/,https://scontent.flhr4-1.fna.fbcdn.net/v/t1.0-9/90916047_2731493963745947_6510094222190706688_o.jpg?_nc_cat=101&_nc_sid=8024bb&_nc_ohc=svSOcAtqZRcAX_lYQ-b&_nc_ht=scontent.flhr4-1.fna&oh=eac3b8175898e7003864b0a6190a0585&oe=5EA34A1D,Delivery ✅
-5.93455,54.59534,Fruiterama,Belfast,Fruit and Veg,https://www.facebook.com/fruiteramabelfast/,https://scontent.flhr4-1.fna.fbcdn.net/v/t1.0-9/14915353_917016368398485_659524482780205479_n.jpg?_nc_cat=101&_nc_sid=85a577&_nc_ohc=4K8-pNUfrW8AX8dZREk&_nc_ht=scontent.flhr4-1.fna&oh=c74f433cd3e6d9e448c8c705ea3e9eaa&oe=5EA0B592,Delivery ✅
-5.93455,54.59534,Halo Healthy Kitchen,Belfast,Pre Made Meals,https://www.facebook.com/halohealthykitchen/,https://scontent.flhr4-1.fna.fbcdn.net/v/t1.0-9/20526100_121441945156011_2405660569831438021_n.jpg?_nc_cat=101&_nc_sid=85a577&_nc_ohc=_1mGaUm-R_YAX-32IiG&_nc_ht=scontent.flhr4-1.fna&oh=2376e5704842026cb3cbebce99e41d67&oe=5EA35934,Delivery ✅
-5.93455,54.59534,Hugh Carol's Home Cooking,Belfast,Pre Made Meals,https://www.facebook.com/hchomecooking/,https://scontent.flhr4-2.fna.fbcdn.net/v/t1.0-9/82523124_1495402637284885_3035822037458223104_n.jpg?_nc_cat=100&_nc_sid=85a577&_nc_ohc=-HaLp_j2r_wAX_3oL5i&_nc_ht=scontent.flhr4-2.fna&oh=2cccfa1ea1cab3694f451f151dbab939&oe=5EA103EE,Delivery ✅
-5.93455,54.59534,Michels,Belfast,Fruit and Veg,https://www.facebook.com/Michels-Fresh-Fruit-and-Vegetables-114930325220883/,https://scontent.flhr4-2.fna.fbcdn.net/v/t1.0-9/14095866_1086489831398256_8423559700409277861_n.jpg?_nc_cat=110&_nc_sid=85a577&_nc_ohc=g5YUVb1GHrsAX97KkEs&_nc_ht=scontent.flhr4-2.fna&oh=aa6b8ce31c81a956f05704a57e711976&oe=5EA2A1F9,Delivery ✅
-5.93455,54.59534,Mikes Fancy Cheese,Belfast,Groceries,https://www.facebook.com/mfcheese/,https://scontent.flhr4-1.fna.fbcdn.net/v/t31.0-8/12828532_1025918130811879_2929598709897860387_o.jpg?_nc_cat=107&_nc_sid=85a577&_nc_ohc=qobaQSg5wGsAX-Y7hq8&_nc_ht=scontent.flhr4-1.fna&oh=e5d496836db2057aab413ec470f81d48&oe=5EA1D6BC,Delivery ✅
-5.93455,54.59534,Mockford Milk,Belfast,Milk Men,https://mockfordmilk.co.uk/,https://mockfordmilk.co.uk/wp-content/uploads/mockford-milk-new-logo.png,Delivery ✅
-5.93455,54.59534,Sawerss Belfast,Belfast,Groceries,https://www.facebook.com/sawers.belfast/,https://scontent.flhr4-1.fna.fbcdn.net/v/t31.0-8/17434513_1459611800729939_2183295666109092222_o.jpg?_nc_cat=107&_nc_sid=85a577&_nc_ohc=e4cMQawcwuwAX-kvOH3&_nc_ht=scontent.flhr4-1.fna&oh=d5ffbdba4174f87e8abf992e9bb20250&oe=5EA2337E,Delivery ✅
-5.93455,54.59534,The Morning Star,Belfast,Pre Made Meals,https://www.facebook.com/themorningstarbar/,https://scontent.flhr4-2.fna.fbcdn.net/v/t1.0-9/42044853_1872597972775640_2538311850731241472_n.jpg?_nc_cat=111&_nc_sid=85a577&_nc_ohc=y1xc-zM5ZVQAX-xZckv&_nc_ht=scontent.flhr4-2.fna&oh=5ee1484cf81f95687882a1d6494c363e&oe=5EA24523,Delivery ✅
-5.93455,54.59534,Two Sisters,Belfast,Groceries,https://www.facebook.com/TwoSistersNI/,https://scontent.flhr4-2.fna.fbcdn.net/v/t1.0-9/78261457_119737556158558_2828123389028204544_n.jpg?_nc_cat=102&_nc_sid=85a577&_nc_ohc=mVUl5vEyOkwAX9MkjrW&_nc_ht=scontent.flhr4-2.fna&oh=bb07cb57498c4d8ae2e00effc17dd2da&oe=5EA25906,Delivery ✅
-5.93455,54.59534,Whitten's,belfast,Fruit and Veg,https://www.facebook.com/whittensfruitshop/,https://scontent.flhr4-2.fna.fbcdn.net/v/t31.0-8/23736048_526490677711161_7770006078654254512_o.jpg?_nc_cat=103&_nc_sid=85a577&_nc_ohc=1dBCqp3VbGMAX_KIvbI&_nc_ht=scontent.flhr4-2.fna&oh=1227eb53018bdddd6a16e6dec935cb1b&oe=5EA33AE6,Delivery ✅
-5.842006923,54.60674242,Piper Fruit & Veg,"Belmont Road, Belfast",Fruit and Veg,https://www.yelp.co.uk/biz/m-piper-belfast,https://s3-media0.fl.yelpcdn.com/bphoto/scK7KlF0Iqjbhc3XT1e1PA/o.jpg,Delivery ✅
-5.90065359,54.45239109,Hilltop Dairy Farm,Carryduff,Groceries,https://www.facebook.com/hilltopdairyfarm/,https://scontent.flhr4-1.fna.fbcdn.net/v/t1.0-9/30742452_297413380791779_2470964418317793690_n.jpg?_nc_cat=104&_nc_sid=85a577&_nc_ohc=cb3HYFraiZQAX_rNwX9&_nc_ht=scontent.flhr4-1.fna&oh=e1b16a0011d97194d09add4b3e86cc1f&oe=5E9FBFEF,Delivery ✅
-5.94229,54.25783,Woodhill Farm Organic,Castlewellan,Farm Shop,https://www.facebook.com/woodhillfarmorganics/,https://scontent.flhr4-2.fna.fbcdn.net/v/t1.0-9/34645973_2134524793502372_6381383595746918400_o.jpg?_nc_cat=102&_nc_sid=85a577&_nc_ohc=nuzUnvrlFsIAX-SHUoj&_nc_ht=scontent.flhr4-2.fna&oh=f88b7383b1c4d46eb62ab1858e26c503&oe=5E9FC2E1,Delivery ✅
-5.94229,54.25783,Woodhill Farm Organics,Castlewellan,Farm Shop,https://www.facebook.com/woodhillfarmorganics/,https://scontent.flhr4-2.fna.fbcdn.net/v/t1.0-9/34645973_2134524793502372_6381383595746918400_o.jpg?_nc_cat=102&_nc_sid=85a577&_nc_ohc=nuzUnvrlFsIAX-SHUoj&_nc_ht=scontent.flhr4-2.fna&oh=f88b7383b1c4d46eb62ab1858e26c503&oe=5E9FC2E1,Delivery ✅
-6.3311,54.99767,Costcutter (Cloughmills),Cloughmills,Groceries,https://www.facebook.com/CloghMills/,https://scontent.flhr4-2.fna.fbcdn.net/v/t31.0-8/14889821_660964624084232_5960070117816313100_o.jpg?_nc_cat=111&_nc_sid=85a577&_nc_ohc=LDBNPAprW4QAX9aKGgj&_nc_ht=scontent.flhr4-2.fna&oh=fa90da8627f586575e3bbf687ff38b4b&oe=5EA1A772,Delivery ✅
-6.70245,54.5399,Springisland Supermarket,Coalisland,Groceries,https://www.facebook.com/springisland.supermarket/,https://scontent.flhr4-2.fna.fbcdn.net/v/t31.0-8/14889821_660964624084232_5960070117816313100_o.jpg?_nc_cat=111&_nc_sid=85a577&_nc_ohc=LDBNPAprW4QAX9aKGgj&_nc_ht=scontent.flhr4-2.fna&oh=fa90da8627f586575e3bbf687ff38b4b&oe=5EA1A772,Delivery ✅
-6.67611,55.13107,Sydney B Scotts,Coleraine,Groceries,https://www.facebook.com/sydneybscott/,https://scontent.flhr4-1.fna.fbcdn.net/v/t1.0-9/13417422_1240242375988515_8765624045416810228_n.jpg?_nc_cat=108&_nc_sid=85a577&_nc_ohc=69GeVhrM9ywAX_pqP7z&_nc_ht=scontent.flhr4-1.fna&oh=7f77d0993bd0f48a9681f86626938f07&oe=5EA36F1B,Delivery ✅
-5.7489,54.5493,Indie Füde,Comber,Groceries,https://www.facebook.com/indiefude/,https://scontent.flhr4-2.fna.fbcdn.net/v/t31.0-8/12469523_642948775846977_1017311069184045588_o.jpg?_nc_cat=100&_nc_sid=85a577&_nc_ohc=dJ-BHKHkmiYAX8CoynD&_nc_ht=scontent.flhr4-2.fna&oh=0502197154a110ee055a2e8490197d14&oe=5EA34088,Delivery ✅
-5.7489,54.5493,The Farm Shop,Comber,Farm Shop,https://www.facebook.com/thefarmshopcomber/,https://scontent.flhr4-2.fna.fbcdn.net/v/t1.0-9/39950158_2048686255142494_3795215097689800704_n.jpg?_nc_cat=110&_nc_sid=85a577&_nc_ohc=KKfoOWvrYlUAX8K95I_&_nc_ht=scontent.flhr4-2.fna&oh=c4e6fa97fb27b9b77d4fdb08b0021a97&oe=5EA20126,Delivery ✅
-5.7489,54.5493,Comber Pharmacy,Comber,Pharmacy,https://www.facebook.com/ComberPharmacy/,https://scontent.flhr4-2.fna.fbcdn.net/v/t1.0-9/13522006_559796894200713_7714503523907899764_n.png?_nc_cat=103&_nc_sid=85a577&_nc_ohc=xSWs5y3jiWQAX950SYi&_nc_ht=scontent.flhr4-2.fna&oh=58ca1ddac973cdad3331064b345de243&oe=5E9FEE8A,Delivery ✅
-5.76208,54.39687,Glasswater Vegetables,Crossgar,Fruit and Veg,https://www.facebook.com/Gavinsveg/,https://scontent.flhr4-2.fna.fbcdn.net/v/t1.0-9/89588390_105885784379682_1344777676539297792_o.jpg?_nc_cat=110&_nc_sid=85a577&_nc_ohc=R_UpQKSXqQ8AX-CuWTa&_nc_ht=scontent.flhr4-2.fna&oh=0251358013e8894b33d9916d44b0c710&oe=5EA07242,Delivery ✅
-5.76208,54.39687,Stonebridge Cottage Farm,Crossgar,Farm Shop,https://www.facebook.com/stonebridgecottagefarm/,https://scontent.flhr4-1.fna.fbcdn.net/v/t1.0-9/35298063_1286484098121547_6100466891770298368_n.jpg?_nc_cat=101&_nc_sid=85a577&_nc_ohc=a4ZnUSJNpUMAX9OFWJQ&_nc_ht=scontent.flhr4-1.fna&oh=f06f07cd2cca9b5169748c0c074575f9&oe=5EA10353,Delivery ✅
-6.65179,54.34905,Casey's Spar Culloville,Crossmaglen,Groceries,https://www.facebook.com/caseyssparculloville/,https://scontent.flhr4-2.fna.fbcdn.net/v/t1.0-9/71220320_2685942444757377_1623623029458206720_n.png?_nc_cat=103&_nc_sid=85a577&_nc_ohc=s89Q2Hd4W90AX_9vmum&_nc_ht=scontent.flhr4-2.fna&oh=fbb07a3659c6fe784d88fde557705d26&oe=5EA18861,Delivery ✅
-6.35432,54.88853,EUROSPAR Cullybackey,Cullybackey,Groceries,https://www.spar-ni.co.uk/store-locator-ni/hen64366-eurospar-cullybackey-2,https://www.spar-ni.co.uk/img/logo-box.svg,Delivery ✅
-5.53874,54.64273,Down Wholesale,Donaghadee,Fruit and Veg,https://www.facebook.com/downwholesale/,https://scontent.flhr4-1.fna.fbcdn.net/v/t1.0-9/90647794_104192851223083_28573554131861504_o.jpg?_nc_cat=107&_nc_sid=85a577&_nc_ohc=an4Zzzj63TcAX-ta-AF&_nc_ht=scontent.flhr4-1.fna&oh=fc13cd9fabfe6e85a22fa4adcdff3da8&oe=5EA2390A,Delivery ✅
-5.53874,54.64273,Harvest Fayre,Donaghadee,Fruit and Veg,https://www.facebook.com/Harvestfayredonaghadee/,https://scontent.flhr4-1.fna.fbcdn.net/v/t1.0-9/62371337_2276381129110425_3785532909964754944_n.jpg?_nc_cat=108&_nc_sid=85a577&_nc_ohc=-ftkQ4fleE0AX98Xz2T&_nc_ht=scontent.flhr4-1.fna&oh=485cce59d7ab911f2b846c5781183a94&oe=5E9FFE94,Delivery ✅
-5.53874,54.64273,Donaghadee Dairies,Donaghadee,Milk Men,https://www.facebook.com/DONAGHADEEDAIRIES/,https://scontent.flhr4-1.fna.fbcdn.net/v/t1.0-9/80100713_2911058772303665_7100655283407421440_o.jpg?_nc_cat=101&_nc_sid=85a577&_nc_ohc=H8fJCABJ1KsAX_kbIGF&_nc_ht=scontent.flhr4-1.fna&oh=af2f3a94ad72d5f3d280fe257e073390&oe=5EA0A947,Delivery ✅
-5.71608,54.32828,Connoisseur Vegetables,Downpatrick,Fruit and Veg,https://www.facebook.com/Connoisseurvegetables/,https://scontent.flhr4-2.fna.fbcdn.net/v/t31.0-8/13652955_1956758491217648_3220569244093565842_o.jpg?_nc_cat=100&_nc_sid=85a577&_nc_ohc=EMj6gKXtkdsAX-fBJCl&_nc_ht=scontent.flhr4-2.fna&oh=82ba1000ac43d70ba00a90cdd8914c79&oe=5EA31ECC,Delivery ✅
-5.71608,54.32828,Eastcoast Seafoods,Downpatrick,Fish,https://www.facebook.com/eastcoastseafoods/,https://scontent.flhr4-1.fna.fbcdn.net/v/t1.0-9/17022069_422705038071329_160374581722046441_n.jpg?_nc_cat=108&_nc_sid=85a577&_nc_ohc=SycgoJTGv4AAX9RF1Qa&_nc_ht=scontent.flhr4-1.fna&oh=081228d907760197c48b255fa747e7c9&oe=5EA0A11D,Delivery ✅
-5.71608,54.32828,Fodder NI,Downpatrick,Farm Shop,https://www.facebook.com/fodderni/,https://scontent.flhr4-1.fna.fbcdn.net/v/t1.0-9/37223532_1540060779470644_9111945909293285376_n.png?_nc_cat=107&_nc_sid=85a577&_nc_ohc=6VDhPNkOvmgAX9TqL4x&_nc_ht=scontent.flhr4-1.fna&oh=c8402dc60bf401fad2ef8f54de377bc2&oe=5EA2FB9E,Delivery ✅
-6.328777129,54.18111456,Cordners Spar,Dundonald,Groceries,https://www.facebook.com/pages/Cordners-Spar/1463163433931304,https://scontent.flhr4-1.fna.fbcdn.net/v/t1.0-9/90299326_2475431302720561_5224681141235089408_o.jpg?_nc_cat=101&_nc_sid=110474&_nc_ohc=Uizfj8oymf0AX-2ssFn&_nc_ht=scontent.flhr4-1.fna&oh=b8281f05cb45c97afe4c68d6c40984e1&oe=5EA04266,Delivery ✅
-6.92257,54.92629,Eurospar Dungiven,Dungiven,Groceries,https://www.facebook.com/eurospar.dungiven/,https://scontent.flhr4-2.fna.fbcdn.net/v/t1.0-9/90457506_3029597083765388_7657810411118395392_n.jpg?_nc_cat=103&_nc_sid=85a577&_nc_ohc=tD31VPb9LgUAX8A8egU&_nc_ht=scontent.flhr4-2.fna&oh=e26fb48e307f5cf12539642d88fe976d&oe=5EA1EF8B,Delivery ✅
-5.86284,54.59494,Refill Quarter,Ballyhackamore,Groceries,https://www.facebook.com/refillquarter/,https://scontent.flhr4-2.fna.fbcdn.net/v/t1.0-9/69495648_648779678944519_6787492832555827200_o.jpg?_nc_cat=100&_nc_sid=85a577&_nc_ohc=5I9avk9MGSsAX_TG6wL&_nc_ht=scontent.flhr4-2.fna&oh=4edf9325b1d01fca13ed1658b64547d4&oe=5EA053EB,Delivery ✅
-5.90065359,54.45239109,Newtown Coffee House,Carryduff,Groceries,https://www.facebook.com/newtoncoffeehouse/,https://scontent.flhr4-2.fna.fbcdn.net/v/t1.0-9/62046579_465339137627930_7312440554564878336_o.jpg?_nc_cat=109&_nc_sid=85a577&_nc_ohc=I0Cxmdm6_4QAX-Yq7el&_nc_ht=scontent.flhr4-2.fna&oh=0e6b165f2ffef2ba8a6f1d54f6a2c7eb&oe=5EA25106,Delivery ✅
-6.919845887,54.92963587,Kenny's Spar,Garvagh,Groceries,https://www.facebook.com/kennysconveniencestores/,https://scontent.flhr4-1.fna.fbcdn.net/v/t1.0-9/15977470_1544881932193475_7650911578073504881_n.jpg?_nc_cat=106&_nc_sid=85a577&_nc_ohc=TNxLImLc6EsAX-S5IS0&_nc_ht=scontent.flhr4-1.fna&oh=caf51c4157645e997138f935646c1d4c&oe=5EA25F78,Delivery ✅
-6.919845887,54.92963587,McAtamney's Butchers,Garvagh,Butchers,https://www.facebook.com/McAtamneys/,https://scontent.flhr4-2.fna.fbcdn.net/v/t1.0-9/25994522_768266480047261_2494927120288055875_n.jpg?_nc_cat=103&_nc_sid=85a577&_nc_ohc=SGjQerQpzY0AX_MWAb1&_nc_ht=scontent.flhr4-2.fna&oh=d3be1b29d2db6885f190bddcd59397c7&oe=5EA12545,Delivery ✅
-5.938383598,54.36202361,Maginn's Centra Gilford,Gilford,Groceries,https://www.facebook.com/CentraGilford/,https://scontent.flhr4-2.fna.fbcdn.net/v/t1.0-9/23843299_957857674368650_7131280226634322375_n.jpg?_nc_cat=102&_nc_sid=85a577&_nc_ohc=2_Rm5CR6X_4AX-0Psnr&_nc_ht=scontent.flhr4-2.fna&oh=eb10db8d287844a875484194c3e2ec29&oe=5EA23F1D,Delivery ✅
-6.542,54.34167,Costcutter Hamiltownsbawn ,Hamiltownsbawn ,Groceries,https://hamiltonsbawn.cylex-uk.co.uk/company/costcutter-23848450.html,https://media.cylex-uk.co.uk/companies/1289/1203/logo/logo.jpg,Delivery ✅
-5.73935,54.66627,Helen's Bay Organic,Helen's Bay,Groceries,https://www.facebook.com/helensbayorganic/,https://scontent.flhr4-1.fna.fbcdn.net/v/t1.0-9/14915353_917016368398485_659524482780205479_n.jpg?_nc_cat=101&_nc_sid=85a577&_nc_ohc=4K8-pNUfrW8AX8dZREk&_nc_ht=scontent.flhr4-1.fna&oh=c74f433cd3e6d9e448c8c705ea3e9eaa&oe=5EA0B592,Delivery ✅
-6.08326,54.46273,Azora Co-op,Hillsborough,Fruit and Veg,https://www.facebook.com/azoracoop/,https://scontent.flhr4-1.fna.fbcdn.net/v/t1.0-9/46979506_1524220857711469_2953700901254070272_n.png?_nc_cat=106&_nc_sid=85a577&_nc_ohc=JhmjD7cqjQEAX_w1ruf&_nc_ht=scontent.flhr4-1.fna&oh=5b8cf2e8dede613399eea339134b3edb&oe=5EA28F44,Delivery ✅
-6.08326,54.46273,Carnreagh Cottage Farm,Hillsborough,Farm Shop,https://www.facebook.com/Carnreagh-Cottage-Farm-602099326666003/,https://scontent.flhr4-2.fna.fbcdn.net/v/t1.0-9/90465254_1316868038522458_4960955915739070464_n.jpg?_nc_cat=103&_nc_sid=85a577&_nc_ohc=jyHOEgR_ghMAX-E85S6&_nc_ht=scontent.flhr4-2.fna&oh=4bf426469b8bcce8de43b4e79de35eac&oe=5EA19370,Delivery ✅
-5.8352,54.64133,Alexander’s,Holywood,Pre Made Meals,https://www.facebook.com/Alexandersholywood/,https://scontent.flhr4-2.fna.fbcdn.net/v/t1.0-9/82977450_2570431839901792_2435329177902120960_n.jpg?_nc_cat=100&_nc_sid=85a577&_nc_ohc=F_KTDcsElVAAX9FC3Rz&_nc_ht=scontent.flhr4-2.fna&oh=f9a37cef7fe5301a242cb55c1a8af621&oe=5EA0A22F,Delivery ✅
-5.8352,54.64133,Camphill,Holywood,Farm Shop,https://www.facebook.com/CamphillCommunityHolywood/,https://scontent.flhr4-2.fna.fbcdn.net/v/t1.0-9/16174936_1454276901250273_8852491267778317470_n.jpg?_nc_cat=110&_nc_sid=85a577&_nc_ohc=s3Ggq-tfO4QAX_NjUUn&_nc_ht=scontent.flhr4-2.fna&oh=cc6cb9bd3c8c5740072b1247c3c49690&oe=5EA351F4,Delivery ✅
-5.8352,54.64133,Knotts Bakery,Holywood,Bakery,https://www.facebook.com/knottsbakery/,https://scontent.flhr4-1.fna.fbcdn.net/v/t1.0-9/45271512_2215039868816048_1661462172372303872_n.jpg?_nc_cat=104&_nc_sid=85a577&_nc_ohc=MaElppF4oawAX8ctPDk&_nc_ht=scontent.flhr4-1.fna&oh=613ea0d5d5ec13eb53f4b1e12dbe50e9&oe=5EA1DD12,Delivery ✅
-5.6512,54.39965,Spar,Killyleagh,Groceries,https://www.facebook.com/SPARKillyleagh/,https://scontent.flhr4-2.fna.fbcdn.net/v/t1.0-9/66153485_1743829059083008_452200970403708928_n.jpg?_nc_cat=1&_nc_sid=85a577&_nc_ohc=QuZ3xk9kBDQAX8jef70&_nc_ht=scontent.flhr4-2.fna&oh=b46f264b4f48eae97c01187697dfc13d&oe=5EA20410,Delivery ✅
-7.308384029,54.99862856,Marshall Howe,Limavady,Fruit and Veg,https://www.facebook.com/marshallhowe.greengrocers/timeline?lst=588505081%3A100012447997758%3A1585077845,https://scontent.flhr4-1.fna.fbcdn.net/v/t1.0-9/69276954_695965860828341_7528098795301634048_n.jpg?_nc_cat=108&_nc_sid=85a577&_nc_ohc=Etp0bay4ooAAX8BuF-0&_nc_ht=scontent.flhr4-1.fna&oh=72f3dc542a365a4cc0f4a18034936445&oe=5EA37E1E,Delivery ✅
-5.848671548,54.45896611,Ashvale Farm Shop,Lisburn,Farm Shop,https://www.facebook.com/ashvalefarmshop/,https://scontent.flhr4-2.fna.fbcdn.net/v/t1.0-9/1471855_774539545906639_1943795310_n.jpg?_nc_cat=109&_nc_sid=85a577&_nc_ohc=i3wodSOOa7UAX-moODc&_nc_ht=scontent.flhr4-2.fna&oh=64c5c1490dbd8f77a2cc561de9465c71&oe=5E9FA64B,Delivery ✅
-5.848671548,54.45896611,Kens Raw Jersey Cow Milk,Lisburn,Milk Men,https://www.facebook.com/kensmilk/,https://scontent.flhr4-1.fna.fbcdn.net/v/t31.0-8/20746193_1667251713346965_7642839627548880881_o.jpg?_nc_cat=106&_nc_sid=85a577&_nc_ohc=axNa2to3pb4AX_doQJs&_nc_ht=scontent.flhr4-1.fna&oh=2cc0416da645f8ec851e86b36a2ceda2&oe=5EA053A0,Delivery ✅
-5.93455,54.59534,Knotts Bakery,Belfast,Bakery,https://www.facebook.com/knottsbakery/,https://scontent.flhr4-1.fna.fbcdn.net/v/t1.0-9/45271512_2215039868816048_1661462172372303872_n.jpg?_nc_cat=104&_nc_sid=85a577&_nc_ohc=MaElppF4oawAX8ctPDk&_nc_ht=scontent.flhr4-1.fna&oh=613ea0d5d5ec13eb53f4b1e12dbe50e9&oe=5EA1DD12,Delivery ✅
-6.33597,54.46305,Moutray's Costcutter,Lurgan,Groceries,https://www.facebook.com/MoutraysCostcutterLurgan/,https://scontent.flhr4-1.fna.fbcdn.net/v/t1.0-9/78981228_2769797556376018_5425733894710231040_n.jpg?_nc_cat=107&_nc_sid=85a577&_nc_ohc=B3oZNCCgrqoAX-w3aX_&_nc_ht=scontent.flhr4-1.fna&oh=bee35b195ce1196810cdb173b3ab4ea7&oe=5E9FE5FB,Delivery ✅
-6.33597,54.46305,Lurgan Costcutter,Lurgan,Groceries,https://www.facebook.com/MoutraysCostcutterLurgan/,https://scontent.flhr4-1.fna.fbcdn.net/v/t1.0-9/78981228_2769797556376018_5425733894710231040_n.jpg?_nc_cat=107&_nc_sid=85a577&_nc_ohc=B3oZNCCgrqoAX-w3aX_&_nc_ht=scontent.flhr4-1.fna&oh=bee35b195ce1196810cdb173b3ab4ea7&oe=5E9FE5FB,Delivery ✅
-6.33597,54.46305,Dollingstown Costcutter,Lurgan,Groceries,https://www.facebook.com/MoutraysCostcutterLurgan/,https://scontent.flhr4-1.fna.fbcdn.net/v/t1.0-9/78981228_2769797556376018_5425733894710231040_n.jpg?_nc_cat=107&_nc_sid=85a577&_nc_ohc=B3oZNCCgrqoAX-w3aX_&_nc_ht=scontent.flhr4-1.fna&oh=bee35b195ce1196810cdb173b3ab4ea7&oe=5E9FE5FB,Delivery ✅
-6.33597,54.46305,Hendersons North Street,Lurgan,Fruit and Veg,https://www.facebook.com/hendersons.northstreet/,https://scontent.flhr4-2.fna.fbcdn.net/v/t1.0-9/11083657_985480374796795_4142925275769516308_n.jpg?_nc_cat=102&_nc_sid=85a577&_nc_ohc=ZuCOOmEQtPIAX8979sg&_nc_ht=scontent.flhr4-2.fna&oh=2fd5c73f68799364598dacded38e7ac7&oe=5EA1165C,Delivery ✅
-6.33597,54.46305,Eurospar Lurgan,Lurgan,Groceries,https://www.facebook.com/SparLurgan/,https://scontent.flhr4-1.fna.fbcdn.net/v/t1.0-9/66809222_335718407357738_5494206604100239360_n.jpg?_nc_cat=101&_nc_sid=85a577&_nc_ohc=eFbM8dsOFOkAX_rw4FI&_nc_ht=scontent.flhr4-1.fna&oh=9e6924ff9d6c7dff3df43525f1d475b5&oe=5EA331F4,Delivery ✅
-6.67159,54.84717,Bradleys Centra,Maghera,Groceries,https://www.facebook.com/bradleyscentra/,https://scontent.flhr4-1.fna.fbcdn.net/v/t31.0-8/12983899_799579200174856_4386504755848133839_o.jpg?_nc_cat=105&_nc_sid=85a577&_nc_ohc=ScLabTV9IhoAX-1OhP-&_nc_ht=scontent.flhr4-1.fna&oh=7459f7a780e2f83fd291c40d0403df3b&oe=5EA34251,Delivery ✅
-6.67159,54.84717,McKee's Butchers,Maghera,Butchers,https://www.facebook.com/mckeespies/,https://scontent.flhr4-2.fna.fbcdn.net/v/t1.0-9/84913466_1268341833363033_3051254593687126016_n.png?_nc_cat=102&_nc_sid=85a577&_nc_ohc=nA278JfC43cAX_SWf4f&_nc_ht=scontent.flhr4-2.fna&oh=b14b68e83976c7d1d6e0f8f158aaa474&oe=5EA0E1F1,Delivery ✅
-6.67159,54.84717,Crawfords Maghera,Maghera,Groceries,https://www.facebook.com/crawfords.maghera/,https://scontent.flhr4-1.fna.fbcdn.net/v/t1.0-9/10689793_661347447296637_7681801638952601078_n.jpg?_nc_cat=106&_nc_sid=85a577&_nc_ohc=BcCqrUAtwAMAX9MtE7D&_nc_ht=scontent.flhr4-1.fna&oh=d981a63afc786ba590ca6b7c862813f2&oe=5EA0F30C,Delivery ✅
-5.89306,54.21448,Mourne Manor Organics,Newcastle,Fruit and Veg,https://www.facebook.com/mournemanororganics/,https://scontent.flhr4-2.fna.fbcdn.net/v/t1.0-9/46482069_2195482513816043_657340814757724160_o.jpg?_nc_cat=111&_nc_sid=85a577&_nc_ohc=Z9QiyGAwa5UAX8s22dX&_nc_ht=scontent.flhr4-2.fna&oh=7e0261ecc331318f359b880c7bcb2ae9&oe=5E9F9A7B,Delivery ✅
-6.34155,54.1769,Pro-Performance Nutrition,Newry,Pre Made Meals,https://www.facebook.com/propernut/,https://scontent.flhr4-1.fna.fbcdn.net/v/t1.0-9/86970787_640974953318540_7588911220065828864_o.jpg?_nc_cat=101&_nc_sid=85a577&_nc_ohc=yEFJthxNCXcAX9UFaqD&_nc_ht=scontent.flhr4-1.fna&oh=528b1d766d0beb221cb5b99088e5d78d&oe=5EA1D56B,Delivery ✅
-5.70024,54.5943,Clives Country Corner,Newtownards,Fruit and Veg,https://www.clivesonline.co.uk/?fbclid=IwAR1iejT5uUvepfNR_zFkDsetgA4sYrlpq80lCRryRaYxrt5v2AR5ZbiIyM4,https://www.clivesonline.co.uk/static/img/logoreduced.png,Delivery ✅
-5.70024,54.5943,Knotts Bakery,Newtownards,Bakery,https://www.facebook.com/knottsbakery/,https://scontent.flhr4-1.fna.fbcdn.net/v/t1.0-9/45271512_2215039868816048_1661462172372303872_n.jpg?_nc_cat=104&_nc_sid=85a577&_nc_ohc=MaElppF4oawAX8ctPDk&_nc_ht=scontent.flhr4-1.fna&oh=613ea0d5d5ec13eb53f4b1e12dbe50e9&oe=5EA1DD12,Delivery ✅
-6.692688364,54.61037493,Farm Next Door,Northern Ireland,Farm Shop,https://farmnextdoor.uk/,https://farmnextdoor.uk/media/logo-colour.svg,Delivery ✅
-6.692688364,54.61037493,Keenan Seafood,Northern Ireland,Fish,https://www.facebook.com/keenanseafoods/,https://scontent.flhr4-1.fna.fbcdn.net/v/t1.0-9/60730347_852018901831557_6298891713670807552_o.jpg?_nc_cat=106&_nc_sid=85a577&_nc_ohc=KyYXXfo9joUAX-tEjbq&_nc_ht=scontent.flhr4-1.fna&oh=c5f64a4b2567ae094e28222bedb9f259&oe=5EA19A3A,Delivery ✅
-6.692688364,54.61037493,Mourne Fishbox,Northern Ireland,Fish,https://www.facebook.com/mournefishbox/,https://scontent.flhr4-1.fna.fbcdn.net/v/t1.0-9/70865583_2499456876958518_1229201897605300224_n.jpg?_nc_cat=101&_nc_sid=85a577&_nc_ohc=R1IUizd_YC4AX8_Phlh&_nc_ht=scontent.flhr4-1.fna&oh=ecd8b23138252cbb2d3a1dc08660051b&oe=5EA04000,Delivery ✅
-6.692688364,54.61037493,Oh So Lean,Northern Ireland,Pre Made Meals,https://www.facebook.com/OhSoLean/,https://scontent.flhr4-1.fna.fbcdn.net/v/t1.0-9/49112543_2146944435325634_8207607353613221888_n.png?_nc_cat=107&_nc_sid=85a577&_nc_ohc=NdOwxCmsMsAAX-GTp6q&_nc_ht=scontent.flhr4-1.fna&oh=f971be8f97b2cc07d9ef3e7d51ac6a19&oe=5EA0C452,Delivery ✅
-6.692688364,54.61037493,Reubens Gourmet Meals,Northern Ireland,Pre Made Meals,https://www.reubensmeals.co.uk/,https://www.reubensmeals.co.uk/wp-content/uploads/2019/09/reubens-logo.svg,Delivery ✅
-7.29674,54.6005,Railway Cottage Farm Shop ,Omagh,Farm Shop,https://www.facebook.com/railwaycottagefarmshop/,https://scontent.flhr4-2.fna.fbcdn.net/v/t1.0-9/57393869_786202931761669_5893880197488312320_n.png?_nc_cat=103&_nc_sid=85a577&_nc_ohc=CL8PzuDoxoEAX800qnF&_nc_ht=scontent.flhr4-2.fna&oh=1226daab3e098e660b43ba6538c9a161&oe=5EA0FF2E,Delivery ✅
-3.19896,55.95331,The mini market,Eastside,Groceries,https://www.facebook.com/Orangefield-Mini-Market-1375533009196789/,https://scontent.flhr4-2.fna.fbcdn.net/v/t31.0-8/18589046_1375643842519039_7769153331240591139_o.jpg?_nc_cat=102&_nc_sid=85a577&_nc_ohc=cFsZ-ORUimcAX_oERLV&_nc_ht=scontent.flhr4-2.fna&oh=abd778d969a3c580efd12823d69bc988&oe=5EA0CF76,Delivery ✅
-6.596838035,54.36439742,Chapmans Farm Fresh,Portadown,Farm Shop,https://www.facebook.com/Chapmans-Farm-Fresh-412124342265051/,https://scontent.flhr4-2.fna.fbcdn.net/v/t1.0-9/78754174_1875323559278448_6490831083414749184_n.jpg?_nc_cat=109&_nc_sid=85a577&_nc_ohc=Xl217g1Z3ZsAX8-5E_f&_nc_ht=scontent.flhr4-2.fna&oh=4abaa72b5e32d23ee07eda13415fae6d&oe=5EA0BA8C,Delivery ✅
-6.596838035,54.36439742,Karri Kitchen,Portadown,Pre Made Meals,https://www.facebook.com/karrikitchen/,https://scontent.flhr4-2.fna.fbcdn.net/v/t1.0-9/22519435_140644699902696_1462236493805660584_n.png?_nc_cat=109&_nc_sid=85a577&_nc_ohc=5EtDT2cXIQ4AX-Xjw0t&_nc_ht=scontent.flhr4-2.fna&oh=948e2d33623e80513cf0e39738584df9&oe=5EA122F2,Delivery ✅
-6.596838035,54.36439742,Rosemount Cottage Farm Meats,Portadown,Farm Shop,https://www.facebook.com/rosemountcottagefarmmeats/,https://scontent.flhr4-2.fna.fbcdn.net/v/t1.0-9/71009919_128111918564618_4913679630164033536_n.jpg?_nc_cat=103&_nc_sid=85a577&_nc_ohc=g3PQHdXU3k4AX97u164&_nc_ht=scontent.flhr4-2.fna&oh=3fd69a6187f1a45e8052623e189be329&oe=5E9FBAD7,Delivery ✅
-6.596838035,54.36439742,Weir's Organic Raw Milk,Portadown,Milk Men,https://www.facebook.com/Weirs-Organic-Raw-Milk-422591707846805/,https://scontent.flhr4-1.fna.fbcdn.net/v/t31.0-8/1277040_424337757672200_443255868_o.jpg?_nc_cat=105&_nc_sid=85a577&_nc_ohc=9VEUK3ImpDkAX_CvZFg&_nc_ht=scontent.flhr4-1.fna&oh=5548aefaa4b95af5fae99b296105c8e3&oe=5EA335F0,Delivery ✅
-6.464197548,54.27521265,Rices,Poyntzpass,Pre Made Meals,https://www.facebook.com/rices.poyntzpass/,https://scontent.flhr4-2.fna.fbcdn.net/v/t1.0-9/11175037_819912314763882_8947730064343877760_n.jpg?_nc_cat=100&_nc_sid=85a577&_nc_ohc=Sd2wrGdEYOYAX8z1_3u&_nc_ht=scontent.flhr4-2.fna&oh=596003d0a42bb0b1b5c64a0b2a2af565&oe=5EA1C5C8,Delivery ✅
-6.464197548,54.27521265,O'Malley's Farm Shop & Potatoes,Poyntzpass,Farm Shop,https://www.facebook.com/omalleysfarmshop/,https://scontent.flhr4-2.fna.fbcdn.net/v/t1.0-9/81487815_3209283519088100_7776723212137660416_n.jpg?_nc_cat=103&_nc_sid=dd9801&_nc_ohc=K0bI16rV6KUAX_4Lhie&_nc_ht=scontent.flhr4-2.fna&oh=7ab9288c1c177fe38eb6a53621b10602&oe=5EA1AB59,Delivery ✅
-6.464197548,54.27521265,Poyntzpass Pharmacy,Poyntzpass,Pharmacy,https://www.facebook.com/Poyntzpass-Pharmacy-126660150820450/,https://scontent.flhr4-2.fna.fbcdn.net/v/t31.0-8/465121_184349901718141_1899498174_o.jpg?_nc_cat=100&_nc_sid=85a577&_nc_ohc=l64SDxdtbBsAX_v55-t&_nc_ht=scontent.flhr4-2.fna&oh=82787a6367358c3e88964a64617a69a1&oe=5E9FD7D9,Delivery ✅
-6.464197548,54.27521265,Trainors Spar,Poyntzpass,Groceries,https://www.facebook.com/SPARPoyntzpass/,https://scontent.flhr4-2.fna.fbcdn.net/v/t1.0-9/29598270_1068794343260235_2373185678056658573_n.jpg?_nc_cat=100&_nc_sid=85a577&_nc_ohc=mH-c8-ld-68AX83JVnP&_nc_ht=scontent.flhr4-2.fna&oh=188c4f4e58d36e690354380f76703e20&oe=5EA1528F,Delivery ✅
-6.55259,54.37176,Fruitfield Foodhall - Supervalu,Richhill,Groceries,https://www.facebook.com/fruitfieldfoodhall/,https://scontent.flhr4-2.fna.fbcdn.net/v/t1.0-9/72967415_1381612442012890_9175597977455034368_n.jpg?_nc_cat=100&_nc_sid=85a577&_nc_ohc=mF8K4vtpfUkAX-dSmpm&_nc_ht=scontent.flhr4-2.fna&oh=7cc436259586642266b9b165b1c6fedf&oe=5EA03183,Delivery ✅
-5.8316,54.46048,Jacksons of Saintfield,Saintfield,Groceries,https://www.facebook.com/jacksonsofsaintfield/,https://scontent.flhr4-1.fna.fbcdn.net/v/t1.0-9/90589524_3619603964747285_2438329139543932928_n.jpg?_nc_cat=101&_nc_sid=85a577&_nc_ohc=6XwZNxaLycMAX8s-B_Q&_nc_ht=scontent.flhr4-1.fna&oh=b1576c2148988f4fc8831e837d6f7653&oe=5EA086F4,Delivery ✅
-6.364399551,54.23235528,Weir's Organic Raw Milk ,Tandragee ,Milk Men,https://www.facebook.com/Weirs-Organic-Raw-Milk-422591707846805/,https://scontent.flhr4-1.fna.fbcdn.net/v/t31.0-8/1277040_424337757672200_443255868_o.jpg?_nc_cat=105&_nc_sid=85a577&_nc_ohc=9VEUK3ImpDkAX_CvZFg&_nc_ht=scontent.flhr4-1.fna&oh=5548aefaa4b95af5fae99b296105c8e3&oe=5EA335F0,Delivery ✅
-6.65179,54.34905,J.D. Hunter & Co Supermarket,Armagh,Groceries,https://www.facebook.com/hunterssupermarket/,https://scontent.flhr4-2.fna.fbcdn.net/v/t31.0-8/10499333_859182050761002_9118682882702684568_o.jpg?_nc_cat=110&_nc_sid=85a577&_nc_ohc=iuSgQPuVX8cAX9GcjKv&_nc_ht=scontent.flhr4-2.fna&oh=4e53e5babda781fa5a1cad2d8b57b720&oe=5EA0FA8C,Delivery ✅
-6.65179,54.34905,McAnerneys,Armagh,Groceries,https://www.facebook.com/McAnerneys/,https://scontent.flhr4-2.fna.fbcdn.net/v/t31.0-8/19401870_1407237752662759_8778026337188671532_o.jpg?_nc_cat=100&_nc_sid=85a577&_nc_ohc=mRrOXUbTBJIAX_NUXSy&_nc_ht=scontent.flhr4-2.fna&oh=768d0ab273d83de7cd68c3f6bd06e141&oe=5EA1FAF7,Delivery ✅
-6.65179,54.34905,Kearney Milk Delivery,Armagh,Milk Men,https://www.facebook.com/Kearney-Milk-Delivery-103307577981911/,https://scontent.flhr4-2.fna.fbcdn.net/v/t1.0-9/90681019_103308744648461_2899141935987949568_o.jpg?_nc_cat=100&_nc_sid=85a577&_nc_ohc=HqyxKelNBNsAX9JfGfy&_nc_ht=scontent.flhr4-2.fna&oh=f856ba3d98f0f4cfc0741643c572ead5&oe=5EA10557,Delivery ✅
,,Mash Direct,Northern Ireland,Potatos,http://www.mashdirect.com/shop/,https://dl.airtable.com/.attachments/886398fb839213d6662efa578950976d/29443c70/mash-direct-logo.jpg,Delivery ✅
,,Krazi Baker,Northern Ireland,Bread,http://krazibaker.co.uk,https://dl.airtable.com/.attachments/cab14223c36ef25b5aab07cba22d2529/e923822f/krazibaker_logo-01-1.png,Delivery ✅
,,Established,Belfast,Coffee,https://established.coffee/,https://cdn.shopify.com/s/files/1/0028/5399/4611/t/1/assets/established-coffee-logo.svg?v=8588226443722991047,Delivery ✅
,,Amarc Catering,Belfast,Pre Made Meals,https://en-gb.facebook.com/AmarcCatering,https://scontent.flhr4-1.fna.fbcdn.net/v/t1.0-9/s960x960/90625023_3378968855465670_676837436545826816_o.jpg?_nc_cat=107&_nc_sid=8024bb&_nc_ohc=07aIOLv_insAX974rng&_nc_ht=scontent.flhr4-1.fna&_nc_tp=7&oh=8f85a49900a85a43d600c6149e5b3f03&oe=5E9B6ECB,Delivery ✅
,,Jumon Belfast,Belfast,Pre Made Meals,https://www.facebook.com/jumonbelfast/,https://yeooo.delivery/images/service/jumon.png,Delivery ✅
,,The Vineyard Belfast,Belfast,beer,https://www.facebook.com/thevineyardbelfast/,https://cdn.shopify.com/s/files/1/2525/1426/files/header_logo_180x.png?v=1510483470,Delivery ✅
,,The Violet Rose Home Bakery,Belfast,Bakery,https://facebook.com/TheVioletRoseHomeBakery/,https://yeooo.delivery/images/service/the-violet-rose-bakery.png,Delivery ✅